frequency,cca_score
12,7.488688352763617e-08
30,1.2623135542400021e-07
8,1.551343065120392e-07
15,1.0567646069326031e-07
19,9.102999865007178e-08
24,2.1939922084657226e-07
